,1,2,3,4,5,6,7,8,9,10,11,12,13,14,15,16,17,18,19,20,21,22,23,24,25,26,27,28,29,30,31
0,1060560,1002263,1035801,1069129,1184674,1173994,1087899,1099240,1086485,420783,1096548,1092996,1047034,1063911,210391,1033881,1044202,865228,1115742,1157519,1015842,1078880,1029630,1087745,1083749,1219202,1192520,1077185,1068223,1041026,982395
1,294785,311911,329297,502956,351898,237466,449652,367533,291434,420783,427980,386045,235411,469263,210391,291437,301184,356576,335465,274606,484348,331610,437788,367360,574671,469807,317701,415394,384852,276770,417006
2,447891,468615,475355,497766,456349,454156,521094,545716,528924,420783,526763,463918,462012,509869,210391,578495,558445,499260,464070,473403,525450,539131,530870,522964,467731,455787,483880,503408,547681,540376,529347
3,5404,5404,5404,5404,5404,5404,5404,5404,5404,420783,5404,5404,5404,5404,210391,5404,5404,5404,5404,5404,5404,5404,5404,5404,5404,5404,5404,5404,5404,5404,5404
4,42322,28395,33830,74262,30557,5765,62359,41630,40783,420783,50451,28297,18794,71859,210391,49515,49192,59945,37904,15665,74622,42757,42331,43700,42073,22917,9660,65198,57972,43155,49168
5,14067,24180,7717,14204,8378,1530,15578,7388,8773,420783,24530,15116,15982,17693,210391,11227,12551,20501,11998,9247,14572,4133,12416,8006,9364,8709,12823,34843,19756,7404,11689
6,1961097,2011679,1986295,1862337,1705267,1804549,1786788,1847539,1933590,420783,1865450,1729782,1874896,1900137,210391,1934953,1986699,1879139,2286860,2356079,2340514,2410698,2301514,1944496,2101370,2141668,2250020,2041626,1993922,1699994,1386836
7,36636,37631,19265,29788,25954,23943,26931,21843,32645,420783,25249,22984,21986,23316,210391,28706,17068,25885,18925,23191,29156,22527,20182,19625,20729,20286,16169,18039,17690,15998,26163
8,60,25,816,0,0,0,0,24,212,0,9,0,0,0,210391,0,0,0,0,0,4,734,9,106,642,0,0,25,15,17,92
9,995787,895829,897456,822008,797476,752835,727714,700958,725685,420783,883780,877891,863338,828116,210391,809587,805027,832238,799543,790522,740835,823183,764533,768972,752078,831158,836283,727834,696577,713324,592628
10,703277,809977,771043,842390,778069,722016,809506,756861,820094,420783,818315,747962,767768,810286,210391,866360,781637,853884,763409,750665,816127,729196,807586,735885,759057,817168,766600,640978,602883,597753,392579
11,1197,3727,2787,5232,37,3,1891,1226,4627,420783,3872,155,51,2124,210391,1573,2961,3838,455,23,1109,4422,2520,1937,1708,30,400,1586,1443,2337,1886
12,296068,262445,315416,282286,317346,261043,302361,253570,268891,420783,314865,241521,184451,324126,210391,276969,275264,295620,225975,215136,268321,221276,226966,243773,257796,260950,263539,236531,226502,208907,174968
13,3473,2840,3645,2027,1988,984,3575,884,3691,420783,436,24,4439,1710,210391,0,14,7,12,80,13,1,0,2,0,157,0,0,10,12,0
14,193852,206139,253188,212079,236939,201797,227368,195506,194080,420783,255008,230384,217282,241005,210391,200343,184864,219054,195177,179134,188928,208475,231290,175359,217250,207416,183084,196771,202282,210995,218840
15,17091,2229,585,0,3070,5411,19372,10236,6618,420783,14468,14172,11168,0,210391,454,497,359,0,240,215,1195,0,345,11190,14400,14400,14400,14400,14400,553
16,1383946,1437906,1755783,1686506,1022378,773996,939169,984458,993721,420783,942722,860402,719532,939654,210391,1113158,1073245,1017984,827471,760906,946924,1009924,1166534,1050735,999229,855371,876588,952172,1027834,1047488,997313
17,916,2861,1582,840,0,0,2181,1153,801,420783,954,19,0,976,210391,928,880,1057,0,0,0,0,119,35,3,0,1260,3873,1496,737,421
18,1455087,1468850,1480590,1457848,1428152,1344800,1403219,1391828,1394636,420783,1402321,1382214,1384113,1411142,210391,1422698,1402161,1386406,1340829,1365328,1413464,1352736,1413793,1446178,1441203,1387864,1436164,1374790,1314980,1344958,1369902
19,64198,50937,56439,72523,54184,47341,75548,67518,65721,420783,68614,54050,45884,74085,210391,58770,66498,74716,60904,61309,58739,74530,83319,66681,59484,53073,57145,44619,43380,49629,17380
20,38492,31612,38685,35441,35548,26430,44023,44020,43901,420783,36249,44667,38298,37432,210391,43044,40315,37384,45337,38634,41017,41450,38812,39876,40932,40777,32305,33339,39376,36379,29514
21,19602778,20249766,20263119,19987511,20518999,20697485,19857832,19178316,20130574,420783,20474108,21438038,21463441,20687445,210391,23643904,24628148,24369482,24841568,24944519,24266113,24509571,24642452,23868566,24176102,24734024,25736385,23547224,23421159,24133903,23644272
22,25214,26264,27329,19924,20248,17130,21135,14447,23453,420783,21340,19467,28518,23360,210391,24020,22025,19044,19413,24993,21283,27421,22326,21508,18542,21098,16432,23228,27786,27412,37927
23,577776,622865,613859,671913,628882,567417,614394,631050,683399,420783,666410,572301,541095,594465,210391,630896,578317,584546,564605,490325,544282,533507,561601,513581,534117,507830,466771,422923,403366,409133,246069
24,1237,850,568,482,240,339,511,465,854,420783,1331,86,28,66,210391,677,717,788,212,265,561,1784,2242,1078,623,77,276,1091,1645,913,861
25,36756753,37906455,37723526,37499720,37837267,37246350,35511104,36522607,36431256,420783,36296661,37043881,36677744,36880249,210391,37037546,37066151,37033879,36723560,36223907,35379922,35816219,34951883,34194596,34222906,34677011,34125970,30933825,31426147,28979805,25370490
26,30779,29658,33921,35912,10835,8441,24331,32157,35752,420783,29303,9638,5792,23137,210391,33833,26654,31263,10005,8392,22364,31102,27810,31133,31353,8430,8821,21362,30178,36544,34393
27,2180,565,182,1003,0,0,737,3,798,420783,782,251,0,40,210391,4,118,493,0,0,0,2397,31,428,0,0,0,4,11,0,2
28,575127,606293,688291,687799,653157,624500,708239,673510,725762,420783,749594,706772,666297,732151,210391,697585,727878,742945,663682,636586,707238,685380,730479,648778,709264,643465,633381,693646,756639,724703,640900
29,8748,9901,7395,12450,9878,9836,9953,12999,12580,420783,8585,10572,8390,10657,210391,11559,6728,11392,9570,3589,6807,9707,8060,9736,10521,5761,3443,9044,9003,7386,6152
30,2492,801,82,0,0,0,85,163,2425,420783,1106,0,0,1043,210391,46,1693,739,0,75,1550,2184,1865,90,2,440,0,1097,4422,2567,6236
31,2302,1803,1763,1609,1745,1705,1198,1225,1875,420783,1640,2047,1507,2348,210391,1628,2116,2059,1740,1729,2215,1696,2373,1402,2359,2819,1435,2772,2494,2109,2578
32,12074864,12216495,12399924,11684893,11971982,11868738,12098237,12076238,11820361,420783,5573902,4032185,3523026,3162055,210391,2546973,2185264,1241331,839609,597534,488526,417473,388154,352097,358053,308439,283468,278482,262259,245826,214555
33,91045,99012,100213,95272,100060,89112,110206,129224,136059,420783,95870,92698,81170,89174,210391,95336,96633,92489,92215,79311,87219,102786,104979,89283,85980,82143,70492,73550,72050,69650,69249
34,863,0,0,4,0,0,0,0,0,0,0,0,0,0,0,243,0,0,0,0,0,0,0,0,1019,3,0,0,0,0,0
35,58566,63005,57167,56897,52369,53408,64461,66429,58458,420783,66025,47892,52199,72305,210391,83991,78980,71447,65204,64113,79653,75312,80078,85171,80259,58198,65714,77779,74229,77228,67045
36,389829,356049,361238,322613,362883,365511,361304,391859,361949,420783,357694,376386,356616,371429,210391,349186,365955,360402,373971,351873,364777,366372,353183,322985,324741,344628,336177,281079,307001,305705,330929
37,13146,16851,17115,13989,2225,2493,14473,16738,11583,420783,4231,2874,1348,2633,210391,3311,21661,20037,3226,2541,13834,22422,19548,16596,13419,3112,1733,15542,23410,19766,20525
38,52572,60113,62717,53356,48611,73741,52047,58342,68295,420783,64583,50258,52649,73166,210391,69877,71363,58946,68399,56936,116292,68959,74793,78006,74574,94385,88676,81583,54958,74004,85451
39,38760,41587,38977,37862,42657,44202,37158,42550,39149,420783,39924,47387,43313,44075,210391,43112,41099,42549,46376,41824,44266,40061,39819,39314,43870,45519,40228,46166,42439,43201,41637
40,10380,9945,5460,8124,13602,21433,10505,14271,14536,420783,13923,12354,14248,14713,210391,10656,10187,11831,11815,9459,8910,11458,10159,8591,15468,12544,7390,12802,10913,14646,5810
41,2338441,2412366,2301334,2360943,2236128,2116569,2032057,2038668,2101985,420783,2217400,2104777,2952989,4900394,210391,4761460,4686412,4534501,4299777,4427207,4164382,4192222,3957324,3914680,3861121,3525731,3271972,2796410,2575569,2297290,1960688
42,9661407,10659956,10681593,10848271,9333542,8243488,10802534,10533847,11216275,420783,10806613,9319624,8226927,10136540,210391,10165702,9996201,10109923,8870654,7710511,9217423,8774412,9195111,8905569,8571780,8250028,7259351,6468906,6430317,5873497,3741795
43,4486782,4684387,4588322,4508224,4700045,4647289,4622177,4682622,4789458,420783,4704809,4743352,4765884,4641523,210391,4661203,4761460,4688790,4579867,4706737,4581226,4713992,4816201,4700581,4652993,4611053,4778061,4718636,4898721,4964513,4686109
44,30757,25998,26349,24816,24277,27561,24789,28746,28241,420783,30506,26242,23854,30432,210391,30422,25552,24498,25984,26952,28910,26488,24854,24994,32288,28464,25347,29580,26677,30518,29388
45,125734,124796,105976,111393,109317,118789,109623,108339,113042,420783,122608,118021,112387,99540,210391,112711,114433,107014,122283,123893,124966,122395,122606,110931,129216,130648,132916,116323,131405,118272,132714
46,20576,28605,23955,23122,22458,22458,20284,23315,17816,420783,18497,19390,21502,21509,210391,18964,19080,22432,19576,20328,21173,24545,20806,21205,21539,22760,22950,24240,23680,25515,25566
47,494546,483115,468624,228141,358780,380472,392234,390058,386333,420783,438246,385291,380166,416969,210391,235419,456658,449598,439216,415478,433992,208341,450397,415949,424099,374903,373321,158061,183788,219760,145974
48,72,0,46,62,1,155,259,0,542,420783,405,0,6,247,210391,17,23,60,0,128,69,481,536,208,187,48,57,80,16,3369,66
49,2,10315,0,7654,11706,9276,7200,7290,8525,420783,7411,7200,7200,7442,210391,7243,7399,8928,7225,7570,7931,9060,7455,9628,7293,7200,7200,9423,7422,6282,466
50,762,339,698,1423,937,626,331,580,810,420783,529,197,280,352,210391,381,673,726,266,114,274,652,1037,472,1008,477,319,778,785,921,417
51,16592419,16327197,16638857,17017716,16951397,16637656,16193373,16795242,17214676,420783,17394852,17918590,18909787,17958183,210391,17064745,17167771,17296777,18866812,20514973,17411424,17458029,17310517,17067690,17471141,17748571,18480453,16876696,17555212,17936243,17616049
52,153214,147899,199341,178027,164821,208223,219948,166158,145759,420783,131527,143572,185182,154132,210391,135791,98017,105193,96787,137028,154714,140615,101159,97293,96514,101126,98726,91159,120260,107084,88917
53,176485,140742,143366,164284,141261,135899,177907,163806,152821,420783,168815,155602,158797,156511,210391,160359,171092,190757,168730,191023,167895,165115,148928,166020,162181,170225,173580,161009,193030,193194,175874
54,31120,46063,49936,44070,32624,27090,28462,50413,56564,420783,56467,39455,39660,34933,210391,48184,40642,41095,40834,36904,41488,44170,58564,61220,49037,69428,23473,28751,43178,43245,32953
55,23137,16434,22647,19760,27593,18754,20025,20111,24207,420783,30533,18583,17155,27884,210391,27465,38537,24194,30471,22878,24355,23323,18430,30688,27304,27800,32915,37156,30368,34717,31400
56,1460058,1542870,1528533,1468229,1572028,1612030,1487874,1514666,1516973,420783,1406267,1603608,1640374,1494159,210391,1501553,1446577,1491388,1629502,1609383,1475150,1500062,1456485,1456991,1453279,1544300,1632195,1342400,1479861,1428128,1406815
57,7588,5092,438,885,312,129,941,2011,2594,420783,766,0,0,3470,210391,1965,213,450,330,0,29,241,556,500,392,0,2,215,298,256,1562
58,39025,15029,16912,12631,5390,6323,13846,9678,6931,420783,6819,11932,7321,36611,210391,55064,18701,30870,8036,13956,18601,23828,146519,133819,100947,76141,80977,82550,72569,172897,116629
59,10737,17453,12723,13306,20128,11773,7033,10358,5855,420783,12693,13329,21649,7051,210391,12223,17,6735,11930,20418,2,3694,3011,11267,5499,2799,12765,0,0,0,6674
60,10654943,10642954,10980884,11064218,11073674,11138892,10845925,11077345,11087734,420783,10979036,11013472,10873822,10680646,210391,10821622,11062033,11055545,11406829,11108844,10899675,11020511,11193338,11152668,11333809,11499117,11147046,10292004,10289677,9828071,8481023
61,671456,746157,794296,763179,822926,860232,1025735,965861,1015252,420783,1023611,959005,1099934,1110648,210391,1317473,1208478,1140171,1102650,1126073,1118073,1115163,1224576,1111453,1075347,1047678,894565,769028,752827,695738,602280
62,1533,2645,5108,4404,0,0,1854,4636,3685,420783,3842,0,0,0,0,565,83,2246,0,0,34,1025,2719,4220,5493,1265,1218,35438,65459,45644,71688
63,68348,14554,11572,13930,14400,14400,51319,24739,29199,420783,40622,29419,28800,42959,210391,55743,59474,51939,49341,47613,53946,70840,69843,54351,51789,50413,48049,44565,100853,130762,69680
64,15632,18567,19917,14836,19352,17442,13141,16771,14149,420783,16726,11974,15823,15817,210391,14933,17735,14994,17111,15555,15585,14151,15535,11257,12078,9210,13141,14916,14360,12043,12218
65,11146,12431,13823,9457,12774,13145,10451,8518,5872,420783,7997,14665,11527,12152,210391,17108,16815,13546,17871,15997,20076,18199,16247,13887,9016,9294,8707,7365,8943,6942,9456
66,7858,13571,1917,2231,1288,1113,932,1345,3525,420783,1979,1537,2891,938,210391,1878,2243,1977,1384,1426,1842,1952,2292,1522,1712,3446,1172,966,4523,2501,1660
67,2270,2042,1837,1845,1084,1788,1784,2534,2150,420783,1591,1738,2764,2486,210391,3808,4162,3550,2123,3303,3877,2283,2132,1376,830,1401,857,2185,1005,982,1724
68,7194692,7293185,7497499,7568108,7745404,8165920,7733728,8012304,7626333,420783,7566055,7761213,7783354,7161553,210391,6542168,6584536,7049781,7729334,7827810,7226330,6922147,6809187,6804552,6529436,7107279,7335241,6686734,6486035,6415985,5983333
69,0,0,0,0,0,0,0,0,441,420783,634,0,0,282,210391,289,211,619,27,0,97,2,314,729,639,386,0,563,2347,2387,1462
70,1524,6820,4600,1859,1678,952,2267,3330,3711,420783,6145,2869,3598,3283,210391,2796,2347,3507,2493,13785,3971,1290,4339,2409,3367,3955,3301,2032,603,10312,1750
71,2566,1385,975,3234,40,70,47,305,1020,420783,4782,293,6,281,210391,743,2001,1269,400,65,271,212,234,205,826,45,65,142,57,62,151
72,25233,35979,29529,25589,32173,29496,23628,25255,30305,420783,21191,39587,30939,22911,210391,16077,15898,13165,14714,13394,11378,16166,13888,11287,9557,14564,11944,11936,16133,11279,15716
73,143832,147559,167230,182409,173331,186005,168446,236097,189805,420783,183504,150214,178288,157034,210391,141287,152186,154921,189889,153446,157139,146730,167068,146796,170919,208429,221799,194222,174453,170618,148167
74,2116,369,1735,1146,287,463,2248,620,1631,420783,3409,265,294,4458,210391,6261,3231,2353,75,1899,2107,2005,3372,1983,1034,14,930,3383,1223,3872,2225
75,0,0,415,0,0,645,1920,3662,3052,420783,3176,855,5773,568,210391,65,2723,7754,432,689,0,0,33,385,0,0,0,0,0,274,68
76,0,0,755,1282,1015,1228,3230,1607,2704,420783,1838,2752,3963,6346,210391,4451,2059,529,1547,249,1087,6089,5151,4747,2923,7048,8120,2788,3118,2945,1642
77,115078,151709,24682,99202,52813,28011,327471,276534,327451,420783,263570,177466,73304,221279,210391,312141,340874,346479,373113,370586,395998,92703,341870,277620,375567,156612,35180,760934,195897,333742,322165
78,421,822,775,386,3726,4383,1203,3450,1735,420783,939,48,1571,2533,210391,5557,2147,2231,1669,54,1832,2028,679,4507,6526,129,97,2203,892,752,2015
79,4145,1170,861,560,2789,1982,1817,2498,2325,420783,3297,921,1826,1037,210391,445,2504,376,926,612,744,148,1110,1350,1453,426,516,2637,975,3231,5326
80,47,5,801,835,0,0,1089,218,6220,420783,985,4,0,1406,210391,5231,1527,157,0,0,0,0,1,0,777,0,0,0,1886,1440,3561
81,26869044,27147654,27561372,29050106,30170533,30760301,30856788,32205401,33533007,420783,33235488,34373478,34916344,33934928,210391,36360390,35365718,35374518,35552505,35432051,35628529,35376780,34921887,34276918,34743163,35616110,34252571,34810979,36480242,36649113,37622217
82,188678,216362,183499,204727,163393,112242,179815,181465,189887,420783,188742,192790,107005,181467,210391,142430,132044,140985,148636,122822,101433,104756,96099,70237,60096,100051,76359,46605,30432,27160,12281
83,2299,1202,2027,2021,652,2053,2564,3013,583,420783,4287,4187,5351,10606,210391,3176,5071,3264,3517,6299,3682,8458,7477,7302,5327,5389,6167,5397,7219,11433,17925
84,16552,10187,19418,12261,8619,13293,17016,16022,7136,420783,11538,17682,17114,14960,210391,12956,12522,8721,9927,12503,8790,17468,12652,8389,11752,13245,7967,7109,5267,3888,8261
85,16202,28144,82456,59855,73644,19,21019,12981,2633,420783,8717,17542,0,13442,210391,1670,1736,48120,0,0,80589,108608,253077,107698,57958,27903,0,30892,107836,34462,33956
86,0,9910,7884,16583,14400,14400,9052,2522,13742,420783,3086,0,0,14819,210391,3400,5077,5797,0,0,3333,14680,21908,15250,5714,0,0,1503,3928,1224,0
87,39951959,39214569,39472266,37593904,29634029,32076598,36407408,36247800,36927034,420783,34709479,34654993,35019582,36361237,210391,36364456,34808983,35323375,35347222,36329722,35871907,35860505,35954504,33973536,34646007,34503222,37037138,35746691,34916102,34714179,36896634
88,503,2709,837,2688,2022,0,184,344,3888,420783,254,753,138,3488,210391,741,1764,974,131,0,1685,891,106,185,632,19,1,732,922,4323,833
89,240,168,255,437,282,85,41,249,213,420783,609,352,365,722,210391,649,100,702,237,66,209,651,210,443,560,35,26,73,39,116,360
90,217424,188707,112915,131651,168925,177100,148753,146432,143662,420783,128252,136182,163579,140881,210391,159357,189763,211409,194184,246621,230920,241708,257291,210093,291606,254069,267150,270433,226638,253300,195805
91,19620,27655,22283,27029,20523,11380,33337,24218,29036,420783,22385,13790,12684,34950,210391,28409,28092,24089,14712,13359,35844,32459,31012,44358,28248,25138,20447,42113,40894,38094,44153
92,0,0,0,0,0,0,0,0,0,0,11,0,0,0,0,0,0,0,0,0,0,0,0,0,0,0,0,0,0,118,0
93,12742172,13133712,13063547,13180921,12932015,12690130,12854053,12548111,12150446,420783,11868937,11627135,11282241,11045677,210391,10573173,10288173,9476079,9565915,9313710,9303894,8094643,7949954,8109959,8083643,7854524,7923076,7771468,8183533,8344016,8277706
94,2389,1762,7875,3028,2257,616,2822,5554,9478,420783,1838,381,269,2768,210391,3345,1290,2360,1755,854,844,1612,2639,4095,1245,758,736,3615,3688,1832,2068
95,1544346,1535309,1510245,1567731,1619109,1565430,1964654,2235157,2303011,420783,2435654,2376660,2355616,2260380,210391,2102617,2110242,2167954,2229555,2138718,1987881,2057574,2258232,2249239,2253293,2276366,2441206,2031693,2091262,2014737,1910885
96,331,0,19,628,39,348,2695,2731,3297,420783,781,11,0,0,210391,835,33,1702,1755,1187,1255,1962,1169,213,1362,4505,129,3510,789,138,1567
97,99390,95580,105533,100044,98168,95276,97457,90547,93510,420783,85127,102161,69657,87409,210391,90970,76027,102886,75954,71797,81530,82125,90963,84222,97648,94270,108450,77461,95217,89326,84899
98,6113195,6246324,6282144,6313412,6102300,6093991,6323358,6090354,6242058,420783,6513059,6469323,6222401,6631057,210391,6207990,6496109,6027779,6038810,5758002,6461533,6087591,6059841,6203184,6250861,5989102,6059899,5787153,6529857,6511188,6526669
99,3078311,2941081,2925582,2764803,2675305,2891482,2958571,2838402,2734086,420783,2689190,2727833,2585748,2830149,210391,2822014,2929303,2831829,3024943,2879699,2768013,2793234,3009306,2937753,2853538,2643973,2781963,2976289,2775824,3059335,2674694
100,7547,12382,15070,8376,13267,5275,11412,7784,16995,420783,11865,5303,5829,11502,210391,11007,7357,10326,2378,3115,8968,10974,9181,11881,8194,7639,7278,4947,3019,6456,2891
101,16103,14810,15659,17498,13739,14883,20333,17957,14586,420783,16870,11971,13352,18236,210391,23791,25059,20974,13819,10883,16112,28394,10197,22466,20117,14894,23943,15505,18264,23457,32005
102,81308,78018,61872,66632,78414,67409,76429,72753,74857,420783,68395,77088,72277,72314,210391,62079,69026,70654,63865,66742,67119,77566,76653,67413,71273,67197,71464,65820,76682,69974,77613
103,13346926,12563485,14539988,13275640,15441966,12300659,15197752,14110006,11575924,420783,8859703,9041526,8615784,9214773,210391,9808066,11040346,9713500,26335386,18225357,18376204,14369210,12937676,13401022,11451515,14040261,13448135,9988422,8991835,9740830,8874465
104,35003,38727,35846,41567,29571,27212,33899,29694,34648,420783,33744,14923,24810,37291,210391,28262,28872,22176,28237,22712,22896,17065,10155,15386,14952,10315,4624,1025,1109,2313,0
105,266966,256723,224745,247474,313285,278621,267520,248776,263435,420783,265743,311466,342549,271598,210391,260245,244074,244387,297310,335744,262541,269225,280896,276405,248543,314980,308960,228066,277164,192161,213442
106,758309344,769199439,771084326,740356712,790086476,790435182,756925471,742050231,741853503,420783,730891994,745146206,739804339,740406259,210391,746035854,748420698,738833545,744265626,731888382,694682104,701212538,720027979,696340541,685600714,688020720,683786982,600674289,618886570,595934100,529963670
107,724,1476,2270,6603,0,627,3510,3199,2468,420783,5159,1203,2,4374,210391,1009,9008,1626,5439,1372,6869,4772,4499,5459,2712,1524,0,5662,7439,5835,3376
108,21533,22287,19597,17562,134,18,7978,24704,28511,420783,7808,325,191,13657,210391,18021,5858,9609,10374,118,16349,3876,3842,13361,3738,0,0,3729,10746,18338,9843
109,19122,19692,6209,15732,9302,10727,11225,38818,20346,420783,12668,19947,19561,5066,210391,11568,16492,7003,5984,17061,4559,802,3725,1104,889,4762,2848,0,491,0,0
110,0,0,0,0,0,0,0,0,0,0,0,0,0,0,0,0,0,0,0,0,0,0,0,0,0,0,0,0,0,0,0
111,143751,136364,135199,113280,64259,129638,11455,99491,143654,420783,113805,89777,136321,199455,210391,134055,203805,79902,71897,138517,113417,153279,156935,169699,83615,42807,77954,86764,119054,181559,123700
112,705,1391,268,1584,792,553,601,1137,250,420783,675,728,324,1542,210391,615,321,436,255,157,366,146,855,286,241,255,493,165,181,608,85
113,900,2244,3250,1234,490,345,1171,1128,2283,420783,958,301,259,1878,210391,1086,190,521,48,316,309,581,685,405,536,86,8,801,514,301,551
114,35078567,34915055,33273724,36038918,37361220,38126023,38550537,39092996,39535978,420783,39863910,40898749,40805171,40802499,210391,41497719,41502606,42243867,43068385,43782455,44242456,44972596,44977313,44131440,45442817,45935942,45789543,45728033,45615753,44860379,40467284
115,140370,150712,146245,133653,121903,146249,149413,137025,129897,420783,140241,131577,125561,124945,210391,124988,109205,80764,40973,33938,26205,24847,24065,23251,19011,18221,19410,16979,16203,19475,21181
116,810,85,199,673,124,209,439,1109,465,420783,3970,656,43,535,210391,453,192,116,190,41,977,1554,952,515,158,111,18,2296,742,387,2140
117,3949,1287,2016,1256,1933,3616,4163,4807,6318,420783,3708,1625,1911,4523,210391,14850,6331,16763,2362,3714,11922,14142,17276,12162,21152,12372,15810,20022,13613,11083,12736
118,1202,937,4449,192,0,0,8464,1633,12061,420783,2697,0,0,7979,210391,11091,17328,7741,0,0,1307,2598,9516,10708,3381,0,0,1273,8803,1286,5844
119,2044,2709,2007,25,155,33,404,1821,354,420783,939,124,115,150,210391,434,435,2208,125,286,1210,1041,1169,291,2135,203,281,198,418,436,548
120,4875763,4887402,4986678,5200969,5723695,5263135,5255774,5572816,5818707,420783,6325946,8530837,8808281,9110968,210391,8473888,8324890,8155906,6731914,6818102,6699692,6756544,6731234,6621435,6122639,6546747,6554088,6280625,6412090,5669951,4446399
121,19361,37774,47471,59891,61261,60212,56129,67614,71144,420783,64864,60189,66339,74944,210391,65309,77412,75822,71979,67017,71126,92742,86036,86670,77162,82900,75729,75706,85760,83310,87900
122,1115803,1158643,1147648,1138149,1120883,1163407,1097159,1098390,1106015,420783,1256946,1107601,1105824,1190642,210391,1267882,1277853,1196744,1199477,1194790,1294963,1274324,1294697,1249799,1275982,1338807,1315802,1314609,1329270,1337558,1331007
123,1595,348,20,2058,0,0,281,2747,34,420783,91,0,0,390,210391,449,658,444,166,68,1666,121,97,726,3,0,0,1430,1843,1556,439
124,291943,291402,270389,293617,282061,256504,276664,236602,248771,420783,293537,272370,233127,233298,210391,276566,255933,276564,277832,264119,232409,282801,283133,271509,291234,265759,272706,271227,279152,287492,227028
125,10374,12707,11398,9166,12055,16859,15381,9639,16396,420783,11055,12327,14366,16506,210391,11187,11778,9611,19774,24226,9863,14518,16323,10244,11793,13643,11795,19495,16177,17484,10549
126,13088,9959,9051,1621,1361,235,2859,4729,5262,420783,13754,5377,93,9687,210391,4890,3265,2797,146,27,1576,5252,5382,7416,5349,1891,211,7116,3587,9381,9971
127,44088,64047,68768,70571,93188,80592,62694,57516,70861,420783,78851,98668,98969,85457,210391,99746,104410,94329,110674,112586,98672,84071,110046,107675,95559,129583,120512,96758,105124,121721,118426
128,103911,119863,117166,120937,119797,127706,132298,116219,108023,420783,134647,113168,121900,116800,210391,116385,113095,129249,109985,115480,112243,65212,131389,124265,126195,83279,66872,81138,85888,77180,127750
129,95499,105304,114956,86354,56272,42388,95129,112391,124590,420783,100283,53753,42402,119382,210391,166612,171145,142212,94619,56221,175908,180574,179858,167857,154231,98545,68585,159377,195715,194578,189013
130,2620,1124,297,419,0,35,8,31,82,420783,5,0,9,106,210391,1323,198,449,203,138,145,330,171,85,300,81,73,431,956,98,378
131,3338,0,41,0,0,0,151,38,658,0,0,1074,0,77,0,0,72,1814,875,0,1191,883,2490,1211,0,0,0,0,0,0,9
132,0,0,0,0,0,0,0,0,0,0,0,0,0,0,0,0,0,0,0,0,0,0,0,0,0,0,0,0,0,0,155
133,1497503,1500247,1492447,1519807,1660206,1742794,1952032,1816629,1930384,420783,1821570,1940662,1917869,1740824,210391,1701619,1658615,1617510,1763719,1785305,1662445,1696207,1745158,1731413,1659169,1801300,1767508,1495260,1615318,1625569,1493695
134,31313,29540,30709,26016,29273,25665,33251,26931,24167,420783,22569,33704,37566,29933,210391,31907,29949,28710,30801,34621,21526,29589,36538,26329,31665,35452,29894,33776,37773,45823,32484
135,149199034,151677911,151475752,142748851,143366210,146795563,141209772,143059789,142506226,420783,140314700,144134376,144058616,139273560,210391,136420845,136476098,137912051,140453871,139891670,132065747,131920305,133955657,131372413,136695668,143758483,142636848,120009271,127031576,123648158,115939286
136,56,1353,1831,2117,2599,706,2580,7569,2220,420783,2495,2862,579,3835,210391,1442,5722,3876,429,68,5931,1141,2253,504,12969,4026,313,6244,1471,2628,3718
137,3273774,3279303,3393826,3428412,3411379,3287881,3328997,3375814,3355251,420783,1262705,335287,183,3088,210391,2417,2553,61,495,654,1189,7011,6491,32811,22362,17,10,7844,236787,484463,324882
138,574,615,289,9,980,2746,1185,589,1067,420783,3280,1893,1561,0,210391,742,523,1996,142,4452,1395,1972,2807,505,2284,2096,2966,496,190,0,1980
139,821,4196,2346,10357,14530,9834,2307,472,1669,420783,145,7,122,308,210391,2322,1011,1037,194,205,1827,2207,2524,1926,808,219,131,2421,2217,181,1283
140,29047,31499,29776,27149,23955,25179,28980,32331,37749,420783,28829,29482,31785,38420,210391,32031,25030,20850,20045,16991,20334,22196,20502,25361,17112,14124,16857,17807,17714,18673,18370
141,1450,1776,4703,3962,2143,2540,2164,1961,1743,420783,4941,2740,1984,2801,210391,2733,2599,2143,4555,2318,3613,3559,1999,3145,1836,3245,2639,2508,2685,3696,3576
142,841,201,186,649,0,600,627,0,123,420783,1036,85,0,2386,210391,49,4673,203,72,5961,4176,2375,1184,0,831,0,371,3946,4649,1991,4117
143,14,1,0,0,0,0,1,23,14,420783,1,0,0,0,210391,91,727,62,0,0,1881,1093,2320,6165,5682,2,0,954,7986,3419,3081
144,790752,795810,775977,844340,797488,418896,700909,808236,820392,420783,846557,773460,468612,661256,210391,785934,813504,806497,763918,538334,660909,831316,787692,773772,772275,773282,511946,520053,559058,499638,356236
145,3649,5411,3101,5839,8833,5927,7142,4834,8523,420783,7358,4658,5852,8458,210391,7436,4679,5823,6393,3341,3836,6218,4520,2616,3081,3163,2482,2534,2049,6455,5294
146,3856,1874,2561,1820,0,0,1989,2756,3919,420783,2815,2807,0,5734,210391,4991,4207,7141,0,0,643,7402,9771,3762,9923,531,8,2643,1006,1533,621
147,3291,3080,8779,3193,251,2284,3282,3747,2211,420783,6419,1406,1845,12606,210391,10404,3674,3680,1043,1035,7404,6423,3732,4423,6999,3151,823,6554,4943,6368,4350
148,2304,202,413,311,26,50,701,478,1439,420783,42,4568,72,328,210391,100,174,116,76,210,270,878,108,28,100,370,871,890,120,2811,4565
149,16002,15166,15321,18569,15368,14839,14579,19452,16974,420783,23691,18013,19141,28925,210391,22461,30952,29869,35521,39537,35291,37102,46444,50866,47691,50095,55303,55672,54256,57596,60542
150,980348,888077,901555,930051,922594,810186,853902,752938,547774,420783,696688,673455,581859,579094,210391,464803,191716,166032,111027,89168,104165,128431,119984,93718,77951,79948,72639,111617,135295,147109,168004
151,326,355,435,359,286,604,317,458,563,420783,541,379,637,231,210391,294,191,131,177,126,407,862,528,240,584,412,309,852,184,427,227
152,5372,9997,13266,9018,1775,9080,17162,16791,15673,420783,5470,8275,14322,25708,210391,20320,6143,10923,5947,18396,32998,32810,21221,18102,11229,18122,32005,30831,27515,8840,17611
153,4292,4248,3091,3514,2426,2678,2951,2128,4140,420783,3550,3069,2868,3947,210391,3360,2236,3182,3819,4708,4310,3568,4538,3457,3420,2609,2397,2988,3640,3321,3148
154,4153,3052,1750,1292,33,2382,3139,949,581,420783,255,508,509,1046,210391,272,735,1260,1403,1361,1071,1452,1085,2209,438,1638,320,860,1187,2583,650
155,407,573,584,180,257,493,245,462,617,420783,960,117,611,249,210391,733,267,335,84,119,505,362,363,977,243,249,294,803,347,123,1415
156,444897,460937,457488,442456,422376,394562,417627,452027,441794,420783,473448,422609,423599,395704,210391,432091,399028,383890,407577,385317,391943,385607,405805,381755,376192,348043,363542,424138,398057,401376,407188
157,0,0,0,0,0,0,0,0,0,0,0,0,0,0,0,0,0,0,0,0,0,0,63,975,309,0,0,123,51,441,66956
158,568,1010,615,697,0,0,1015,985,1044,420783,1372,0,0,987,210391,1409,1864,1672,0,0,1296,861,1055,1186,593,0,0,714,1038,857,845
159,16643,6788,7169,9036,0,0,15553,15680,14926,420783,23063,0,0,15735,210391,21128,16634,10951,41,0,13907,12279,6046,20187,10774,0,0,8957,23073,16229,25478
160,44151,44774,43849,41666,37415,37208,40349,38924,42773,420783,41350,38634,39991,40845,210391,42324,42055,41310,38086,40182,44493,40393,40249,40589,39188,38076,40428,40494,42936,42062,45118
161,0,0,0,0,0,0,0,0,0,0,0,0,0,0,0,0,0,0,0,0,0,0,0,0,0,0,0,0,0,0,0
162,229956,277764,363768,283174,201849,191219,223491,223730,201232,420783,211583,202985,211842,251899,210391,234417,218378,202513,207258,233631,218126,214542,216791,196191,214844,213385,221973,196066,196162,212508,154839
163,7915,5290,8102,6462,7055,7194,7781,11887,9611,420783,13016,7052,9417,12416,210391,12983,13530,11675,7790,8894,8629,8760,9449,13527,11801,7602,6590,5438,5892,7832,7753
164,7147,7564,3431,3408,2459,3965,8528,3838,5325,420783,5878,9780,5237,4346,210391,2956,1042,7311,2049,2049,951,1831,1844,1075,6677,0,2625,4160,41,38,1275
165,1190,4414,2081,1502,0,0,0,4803,1331,420783,1200,0,1997,7318,210391,11966,2034,899,2476,0,0,0,7851,5276,9100,12258,13065,27152,4297,3969,4842
166,349145,388494,374497,331035,337419,295981,316781,345769,356309,420783,368836,366846,340252,318620,210391,277580,324603,299631,275699,270379,239061,246331,299382,301710,303079,288482,277623,284239,259710,274266,235343
167,6320,4729,6637,1789,3833,0,6353,3948,3346,420783,7807,2130,0,34,210391,291,452,1613,391,117,3567,2656,4700,3171,2598,195,26,689,1403,2870,566
168,0,90767,110902,100123,112698,96131,97208,107697,92838,420783,108250,119231,119793,0,0,0,0,0,0,0,0,0,0,0,0,0,0,0,0,0,0
169,3599,1556,1666,1178,2349,1548,1031,4359,2547,420783,854,1241,2289,634,210391,4590,1890,638,1184,1898,848,1229,1375,914,1830,1538,1794,2759,2070,1793,1719
170,10,2,7,6,0,0,511,580,782,420783,1261,3,38,2516,210391,2395,6947,7370,3,72,13330,12163,5446,10873,21184,4092,792,21523,14005,8438,17649
171,84652,105469,86959,68905,66928,71384,74123,83071,74880,420783,65319,79100,64629,54158,210391,49850,52821,58415,60180,61806,67339,79896,78360,68411,62230,74779,91543,81915,68568,51009,36785
172,141188,156026,147590,144649,143344,146048,135870,139302,141512,420783,148009,150158,145679,139855,210391,169076,149458,144945,168409,179148,175777,213161,250161,255311,194039,215838,276582,262407,220875,250440,278753
173,0,0,0,0,0,0,0,0,0,0,0,0,0,0,0,0,0,0,0,0,0,0,0,0,0,0,0,0,0,0,0
174,1613,2110,2626,1091,349,1182,769,1664,1385,420783,447,588,1086,1402,210391,1587,1210,2855,4362,3149,4451,2992,5597,2484,2610,1325,2019,1882,4309,1533,1273
175,169,2,0,10,0,0,0,5,158,420783,328,1,0,124,210391,1,43,0,1,0,4371,3591,44,5037,9228,221,30,2273,2936,4483,8077
176,10285,3786,333,1,3,0,14840,32405,21570,420783,21809,21600,27230,20478,210391,7930,2899,2946,3837,190,1432,2038,519,144,97,101,73,1036,469,4029,7144
177,3330,13970,5482,152,23,205,2605,5097,3769,420783,739,497,0,8072,210391,6204,7560,8374,0,333,352,14275,14176,9849,13570,31428,34436,10286,11870,11158,14049
178,7818,7744,5402,1211,308,4485,5731,11301,3019,420783,1293,121,4155,6955,210391,3359,3528,1336,1071,3535,7484,4085,2316,4429,254,300,5536,8547,7529,4276,135
179,40398,31632,36465,34064,32288,35353,35526,32593,32232,420783,31689,36395,44439,39863,210391,33052,31622,35591,33193,31699,36715,30909,34648,34763,34335,35451,32227,33828,38328,34668,37006
180,13098,12677,13384,12347,3561,0,11637,15740,14770,420783,12742,4234,0,12325,210391,14710,15469,18525,4481,712,10618,10147,12245,9307,11684,8232,815,9446,10959,6057,6868
181,2634,2467,5828,4673,6963,0,7383,14119,12227,420783,14143,0,1605,10849,210391,11459,3991,1144,3081,0,4579,3084,1700,4671,3579,0,25,7751,4830,2761,3307
182,4490599,4335839,4176339,3890701,3902364,3854217,3516482,3380659,3327217,420783,2933134,2781945,2718813,2579123,210391,2376687,2729593,2706433,2608656,2662752,2497320,2559961,2456675,2478809,2515036,2480555,2517947,2389234,2518120,2442148,2343429
183,8333,4718,13001,8312,9487,7200,6006,65,0,0,185,0,0,2988,210391,39138,25020,20862,2209,0,12094,18341,20465,16900,18563,3993,4842,22465,28501,15440,16518
184,0,0,0,0,0,0,0,864,0,0,0,0,0,0,0,0,0,0,0,0,0,0,0,0,0,0,0,31,0,0,4
185,847,4677,2775,1558,1100,0,138,474,1616,420783,34,0,0,693,210391,213,0,0,0,0,22,0,0,0,0,0,0,733,1969,6378,4219
186,3911,3495,3488,2732,2499,1867,2360,4617,1091,420783,921,1810,2961,1682,210391,1960,3024,2442,4653,6992,3068,5773,3169,4413,4738,2904,4802,6091,4139,4411,5537
187,8,0,60,409,5,0,878,1,0,420783,80,0,0,0,0,0,0,0,0,0,0,0,0,0,0,0,0,0,59,141,20
188,3108472,2734212,3593397,5767214,5778815,5664151,6028542,6041914,6597883,420783,4835480,4892330,6060549,5997335,210391,3716427,3234848,3457404,3218565,3143065,2906627,2503969,2527501,2927177,3079486,2317674,2084233,2081514,2127550,2249257,2419981
189,20846,24537,50541,18520,7442,7326,32373,20881,33844,420783,31414,28965,29028,30871,210391,154251,51162,13549,7319,7695,11825,16345,9042,10418,9890,21635,21979,23592,24080,23791,22683
190,211800,164273,162413,118966,96665,105294,151234,229834,110963,420783,128560,78162,65813,64062,210391,164387,274865,265781,222823,186961,146939,203048,323727,626447,88454,31360,31443,282916,102752,148942,397785
191,8255,5908,7809,6450,7690,9825,11707,9635,6949,420783,7308,5781,9634,10237,210391,11919,7109,8369,5739,7364,9879,12464,9581,8469,6330,11278,13460,10904,8882,4884,11566
192,219,182,3169,2854,0,0,7520,6805,11125,420783,5898,6104,0,1531,210391,1739,633,470,0,233,1937,4329,12846,13958,18703,5663,0,26726,26048,24154,30334
193,536625,561214,547216,541617,469483,431549,567122,517445,568114,420783,541985,491401,450121,554092,210391,549919,520578,514787,456534,420579,498903,505314,499234,471770,442200,414439,413839,373817,385341,289089,200205
194,1615161,1708427,1717759,1783145,2074373,1809327,1776960,1812788,1881828,420783,1890150,2030358,1959527,2054573,210391,1854997,1984945,2012882,1938119,1875985,2036010,1963671,2180916,2180493,2225952,2359585,2406654,1940579,2177905,1996286,1931456
195,210,328,0,291,353,6,545,23,107,420783,210,13,210,375,210391,268,85,2,20,150,45,53,309,72,92,32,207,277,640,206,25
196,0,240,28,197,0,159,175,35,50,420783,796,841,677,651,210391,476,1355,695,228,293,1199,777,716,1042,533,337,123,76,109,0,656
197,395197,380856,371003,277031,89399,66133,348559,335247,328743,420783,217563,99361,65435,321629,210391,320830,314386,194361,61717,52204,210882,223531,207345,209359,157204,104875,57035,174714,113319,128835,177867
198,21618718,21711787,21577524,20978302,21005491,20411497,20170179,19933971,19749164,420783,19921722,20387928,20201143,19841714,210391,20048290,19939737,19597278,19717111,19329650,18660791,17347549,17791512,17146352,17318570,17966975,18063242,16283766,16419031,15642925,13286208
199,0,0,0,0,0,0,0,0,0,0,0,0,0,0,0,0,0,0,0,0,0,0,0,0,0,0,0,0,0,0,0
200,332,0,0,210,0,0,0,185,0,0,0,0,0,0,0,3,26,366,0,0,44,25,108,331,550,0,0,272,37,54,51
201,0,0,0,0,0,0,0,0,0,0,0,0,0,0,0,0,0,0,0,0,0,0,0,0,0,0,0,0,0,0,0
202,2493,0,0,76,0,0,0,1330,522,0,0,0,0,0,0,834,640,268,0,0,0,0,0,0,0,0,0,2,26,293,579
203,0,0,0,0,0,0,0,0,0,0,0,0,88,112117,210391,94462,87552,88338,112059,106487,92115,76778,106593,100982,111858,100949,107989,76794,0,0,0
204,4655,4387,3582,3805,5438,5466,6058,4631,3150,420783,6565,4290,7140,3052,210391,6470,1647,6867,3773,5091,5663,4022,4545,8543,3604,7784,7884,5078,7494,4174,4547
205,178319,171864,198389,147106,161985,171984,131398,136499,125675,420783,104463,83921,89856,74875,210391,69115,70453,78784,110500,96598,91488,83421,59646,70829,61482,56468,82762,42418,52070,44099,50574
206,18742,17224,14640,13697,21745,23142,21975,19302,19057,420783,20931,19451,16591,17320,210391,19144,25378,22402,28982,26667,24865,32248,261085,428695,569802,702989,824358,769958,877115,932919,1069043
207,12886,18620,15970,9316,13765,12251,9018,12173,15864,420783,12043,18352,20656,15955,210391,22475,16676,22088,24550,27907,15959,18423,16630,21376,21503,40718,36792,21541,23203,30662,24197
208,73978,90634,85904,82339,91006,78459,78924,77032,99495,420783,91444,89465,109550,109499,210391,102934,93287,80955,96401,93200,78413,83028,79233,82976,83727,78859,79154,78513,89408,106041,81517
209,9770,6541,5957,12695,2263,0,10586,13943,7241,420783,13565,6515,89,29370,210391,16162,33673,20371,7081,13,16430,18145,17651,20046,10755,4389,0,7940,27119,29720,24664
210,669,836,1078,520,438,3,541,751,1157,420783,288,338,20,321,210391,281,3854,12602,7159,6639,9008,6483,10083,9452,13944,12122,5824,6524,8437,7706,3348
211,57,6,7,16,1,0,0,0,1,420783,0,0,3,1,210391,0,0,3,0,94,0,0,0,0,0,0,0,0,0,0,0
212,696,0,444,590,134,0,1290,0,0,0,109,0,0,193,210391,1371,1729,2110,189,0,638,1285,665,279,2383,1355,114,424,1519,1352,369
213,6782,11233,9164,6442,921,1098,15408,8941,7735,420783,6345,6936,0,5408,210391,1303,2869,4258,3051,2,6458,3449,7164,14208,13329,1344,1552,4481,740,13280,16477
214,1399,488,840,298,0,0,98,1041,0,0,0,0,0,1,210391,6271,9340,676,0,0,547,262,250,27791,61212,57600,57600,62611,64891,64956,67218
215,7038,6805,13609,10121,116,4121,28931,13416,11297,420783,11254,7,2,16338,210391,14923,4470,7339,2843,0,3574,13134,25084,15891,5751,0,2446,2388,4789,10290,15782
216,1125,0,0,1849,0,0,1999,0,0,420783,0,596,697,4704,210391,0,623,122,3937,3065,2871,1193,1673,2770,23,3499,1542,2383,803,792,427
217,0,0,0,0,0,0,0,0,0,0,0,0,0,0,0,0,0,0,0,0,0,0,0,0,0,0,0,0,0,0,0
218,9449,13564,20341,18435,23095,22782,26626,29717,33743,420783,34492,44449,41099,43394,210391,72602,67004,64852,61220,53863,58351,60249,76304,79240,59996,60034,58168,47829,63091,69823,75686
219,4242,416,7051,1312,0,0,2598,1299,1728,420783,1036,1801,1195,1252,210391,403,662,376,779,0,387,1208,3163,11956,6714,2029,0,403,923,523,1481
220,97833,105237,126953,110506,104744,111676,105745,161703,187045,420783,197745,300125,359693,373273,210391,390367,334368,352953,384961,327655,322934,301252,275980,274635,514748,830543,686885,499175,506192,485900,416451
221,0,0,0,0,0,0,0,0,0,420783,8185,6931,7460,10234,210391,2392,1854,3424,6747,7526,12963,11915,20856,15020,19333,20084,16300,18873,14432,20197,13061
222,32043,37654,38501,36511,83127,32468,30931,28663,30749,420783,43501,38609,29919,45520,210391,36746,24962,34218,40006,44499,55624,63263,83209,87543,96454,75822,63768,59558,80014,83709,84927
223,0,0,0,0,0,0,0,3525,2512,0,0,0,3114,913,210391,1350,1597,449,2128,0,5965,4581,1373,1650,43,2549,0,1329,955,166,122
224,42,166,0,1,0,0,0,0,0,0,131,28,20,7,210391,5,207,94,29,70,0,0,11,14,0,0,0,0,0,0,9
225,172628,207698,241209,185662,180516,223470,209026,256758,295763,420783,317971,319274,326550,307387,210391,184364,197522,199719,168954,174355,148303,145782,93222,77521,79909,72054,77507,71168,76924,71030,68309
226,487,11,0,19,0,0,1,516,1222,420783,0,0,0,16,210391,3,466,41,4099,4837,5247,4157,2965,8760,10734,8313,11910,7577,9338,6133,10774
227,63456,49889,51674,56207,55027,66285,65084,59702,65125,420783,82090,65769,60899,55428,210391,76172,66819,77328,58801,62951,64528,43287,39730,45778,55580,53605,38397,44602,41151,38527,48204
228,163502,158165,154558,148193,121962,114760,126476,100900,86433,420783,71378,55636,69321,68463,210391,49138,44189,41229,40167,48558,46881,44866,45456,39451,35686,38168,45586,30646,31228,30643,25280
229,13892,10262,14288,13641,14400,14400,13821,10438,14377,420783,13681,1068,0,6369,210391,14342,14354,14328,14231,12092,11889,11921,14037,12593,6130,14400,12696,14130,11498,10425,14370
230,3119,2660,1771,1363,1062,989,2010,1886,2665,420783,4293,2143,1608,2376,210391,1314,1705,2114,2304,2136,1987,2794,2141,1326,733,1028,626,1513,1096,680,730
231,0,0,0,0,0,0,0,0,0,0,0,0,0,0,0,0,33,17,0,0,0,0,0,82,8,0,0,0,0,53,203
232,10344,5357,9616,9822,10722,12371,6831,5791,3721,420783,10604,9140,6702,6259,210391,6370,5213,7919,9692,10590,6765,7051,5761,8086,8982,11000,4906,3355,7701,5734,5468
233,13675,4044,4405,2038,2397,139,1327,8942,3504,420783,3346,2172,495,5757,210391,11361,11570,6952,2262,2818,5338,4777,6676,13931,6214,1096,1013,3305,10482,2417,6962
234,495790,535922,544799,568301,578310,573947,595265,626251,589141,420783,572934,576496,564601,540342,210391,588733,638395,687023,648760,672332,709336,743436,712529,694297,618504,677119,601262,524270,612654,617261,635129
235,2734832,2649679,2725729,2610150,2786277,2652742,2533012,2456228,2075803,420783,1916045,1443094,1537576,1587982,210391,1509402,1659233,1767602,1607103,1863510,1749116,1667850,1892379,1669656,2047532,2336517,2451672,2059961,1836922,1654867,1653118
236,16155,15079,7716,18293,23390,12662,3703,4304,12151,420783,12840,28325,6327,151,210391,6300,1028,1302,15545,19262,9955,16184,3511,2439,4663,79,2315,3859,2884,2651,12198
237,477166,480382,484392,454230,448788,521825,504529,503544,500970,420783,488722,457405,458033,470414,210391,475926,490541,469751,466452,464808,465194,475905,407057,418874,423268,434989,441337,406857,468127,460164,456826
238,17453647,17539876,17908331,18630097,19366881,19056818,18610286,18486022,18297040,420783,22479655,28348363,27773678,27426674,210391,27800682,28008163,26442533,27668105,27418310,27593861,27589703,27736954,28170895,27934226,30280858,30272137,28981371,28119845,28876295,28510017
239,101,0,364,152,1016,514,58,525,1952,0,3,159,1437,22,210391,37,0,6,0,0,28,0,0,0,0,0,0,22,0,57,76
240,1000,1446,2564,2,0,0,34,0,11,420783,218,0,0,867,210391,1,0,543,0,0,506,167,685,476,255,0,166,559,2197,2272,444
241,1106691,946888,835526,1004576,888731,1087733,1038825,1087645,1042660,420783,1586299,1327305,1698923,1911899,210391,2323661,2220880,2057917,2110133,1962839,1868236,2104250,2144103,2014653,1914757,2195082,2097810,1844407,1866662,1812282,1747050
242,50742,53977,31249,41053,47129,47524,45934,128303,90435,420783,88981,83309,84344,80794,210391,124915,116182,129704,155066,155491,117626,96285,85716,85505,107017,86998,99276,99872,106566,121125,129326
243,2611,1727,6995,8560,0,0,14714,928,2009,420783,1762,0,0,3023,210391,3260,2755,2221,0,0,1685,1623,2837,2243,2275,670,231,1925,1145,2209,1137
244,268373,209807,203862,241838,243582,217802,240489,212577,269495,420783,228803,280491,270619,227859,210391,209024,198124,192586,207597,211897,177027,194474,187640,199159,232040,186261,181780,177015,153152,189409,172457
245,5619,3024,9162,5052,3921,1802,4385,3458,4542,420783,7366,2903,632,810,210391,2359,3251,1477,4732,1840,2561,3535,1289,1654,2811,167,392,2557,3983,2338,4883
246,636513,605042,668073,649826,649673,665420,701866,669638,710155,420783,670821,722013,768663,758873,210391,762211,735463,744512,743669,764096,765287,750294,821966,779401,757791,749334,717147,751912,806582,731757,798781
247,2695,6027,3464,4064,2773,2545,1878,0,250,420783,870,0,0,9,210391,11869,32592,37910,33738,33728,42108,49786,63001,58589,53254,49753,35439,42201,60163,35668,37501
248,0,0,0,0,0,0,0,0,0,0,0,0,0,0,0,0,0,0,0,0,0,0,0,0,0,0,0,0,0,0,0
249,254994,254505,263397,243871,263615,267283,297913,373413,374445,420783,352149,347507,360841,364362,210391,352037,405645,401968,418649,421786,399731,422517,433647,489633,465797,498812,496354,493882,480340,494737,476673
250,72167,154626,245916,279108,265671,412300,316029,263007,206776,420783,154674,144233,146985,143102,210391,166378,155806,156363,169573,122165,96722,93583,85362,113189,103389,79693,79662,61042,76037,53775,53226
251,19735,12173,27916,14396,23507,21926,15838,17629,29496,420783,23316,29679,28360,25079,210391,17969,21376,20550,28654,20842,16801,14827,18956,12636,11280,14838,16761,19532,18121,17435,10719
252,6239,1847,1833,533,24,14,668,1524,4347,420783,6242,6504,89,11686,210391,12273,7215,7220,8780,4371,9714,11297,13557,7007,7123,16707,39180,21842,17781,11181,11811
253,0,0,0,0,0,0,0,0,0,0,0,0,0,0,0,0,0,0,0,0,0,1113,952,0,475,709,418,218,2216,2791,1034
254,349840,345154,379584,311137,457444,380730,244414,211466,367439,420783,434892,430378,375018,399041,210391,303968,272415,265264,266375,219451,14081,7339,8509,215097,297317,270849,251125,181941,157380,170302,206019
255,4396,20408,18245,15200,11836,1371,9696,3360,2362,420783,3297,1690,8267,33603,210391,29082,32417,45676,36386,39664,46114,37330,38103,51730,47108,23501,28383,48614,38304,30664,30690
256,1073468,1154273,1220294,1194633,1232198,1151761,937620,954101,1018491,420783,1124036,1140528,1239264,1438016,210391,1469352,1217035,1251298,1422140,1425186,1360914,1395129,1467536,1419675,1482987,1514118,1525991,1312024,1410041,1418209,1440129
257,329,1582,1727,3789,2999,1303,2129,2556,1862,420783,1116,336,3124,963,210391,2456,1399,3451,3506,4117,2261,1043,2503,3456,2178,2188,3222,3836,2385,2395,883
258,15596,15200,15625,26659,41201,42264,43830,40120,41445,420783,56790,62236,41492,42979,210391,68913,68287,81463,72133,69846,88320,105681,103753,99362,110504,119296,116534,119389,118168,130382,138430
259,2415,2901,2289,2321,1959,4552,2665,2101,2718,420783,2858,1512,1066,2933,210391,1803,1618,1031,1685,1003,2142,2210,1252,2098,1979,2197,757,1724,2578,2506,2903
260,0,1066,4348,2017,2348,0,5162,0,0,420783,1338,3316,2776,0,210391,3940,0,2329,4551,0,0,2173,659,10106,2560,229,6210,9481,666,5240,5
261,4724,3712,2700,2888,0,0,3005,3678,6130,420783,2780,0,0,2577,210391,3643,6271,3269,0,0,3712,3231,2481,2657,2686,0,0,3192,2882,2915,1946
262,42,97,205,107,0,0,0,0,0,0,0,0,0,0,0,0,42,0,0,0,18,81,39,3,31,0,0,22,771,924,0
263,60848,66909,73000,64996,77146,88178,93966,71155,78302,420783,90479,76221,89801,91566,210391,117047,111270,94811,102032,89901,94268,106452,84972,88277,86198,70452,67548,76765,66105,64892,56988
264,749421,710480,748271,1052853,1780210,1727529,1302959,1023730,925674,420783,910725,847337,804251,865625,210391,825522,809476,835491,937474,927868,877613,821450,821966,885113,904822,797628,680427,628834,665070,652991,528956
265,21321,176,4998,2972,64,0,56,33,130,420783,1471,663,4,2796,210391,12084,13358,10487,7125,5649,12514,18173,8866,8256,6145,1668,62,3542,6346,4243,5248
266,0,144,1226,0,0,0,0,0,0,0,0,0,0,0,0,496,0,0,0,0,0,337,0,1778,0,0,0,0,0,0,0
267,0,0,0,0,0,0,0,0,0,0,0,0,0,0,0,0,0,0,0,0,0,0,0,0,0,0,0,0,0,0,0
268,25301,12945,26348,19134,20864,12690,14295,12186,17829,420783,20030,11735,17842,14441,210391,23611,28257,36964,36381,35492,32412,50639,47659,43152,32876,22605,19751,30858,49596,37632,32630
269,3643,7254,3482,8561,0,3913,10133,6686,11042,420783,12027,14802,7709,12464,210391,16375,33110,26763,22129,20584,14685,12465,24763,19211,19525,10472,4848,13264,10609,16018,12393
270,22,630,4496,4576,58,0,2924,4706,5129,420783,2707,14400,14400,11847,210391,9232,19774,26939,7216,6845,11930,10577,4097,5336,4524,12,0,11630,11808,3166,1132
271,253,1283,902,355,0,921,1769,1172,184,420783,1715,4049,3488,1145,210391,827,2170,1038,36,41,6,613,955,157,58,466,237,1052,201,40,407
272,0,0,0,0,0,0,0,0,0,420783,179420,105212,84614,66002,210391,69880,67138,50087,42610,47934,47891,34042,30985,37069,25073,22645,25552,21720,28989,16798,22634
273,1849,1847,7170,7892,7272,0,20401,6131,1394,420783,4116,3048,0,1344,210391,7960,2949,1825,4743,7200,2882,2023,8,5029,6671,14,0,3,1505,185,2
274,1,0,0,2,0,0,394,176,177,420783,73,0,0,79,210391,12,23,79,0,0,6,0,6,59,164,0,0,6,457,3428,8940
275,37402,41034,32167,36775,8054,88,21301,30748,40641,420783,17283,0,0,32837,210391,33563,60042,23860,0,0,26911,21285,52635,24324,34950,21964,16593,27754,42859,46453,42366
276,2518,2013,1219,951,1197,1539,2243,1699,2377,420783,2617,3649,2962,2165,210391,953,194,812,1455,1790,633,616,768,1965,2044,2147,792,1060,1743,1408,1618
277,0,0,0,0,0,0,0,0,0,0,0,0,0,0,0,0,0,0,0,0,0,0,0,0,0,0,0,0,0,0,0
278,1512,3644,884,0,0,0,0,104,1593,420783,848,83,26,112,210391,0,23,0,0,0,0,0,0,0,0,0,0,0,120,0,0
279,162492571,167576972,170214190,164832571,174189668,177492189,171129724,171167811,170835083,420783,167835289,174061164,175246821,170523902,210391,168196313,169178015,167113635,172919821,175283100,165492363,166816674,171096912,165445138,163345075,165344675,166944409,146240918,154588084,156305540,152263067
280,8063,4880,3121,9275,7201,7200,7196,9838,7667,420783,3510,3102,7200,6066,210391,8275,8819,8517,7202,7200,6638,5843,3147,5458,9395,5283,0,13123,12138,12912,11878
281,853,1847,651,2937,0,3020,5188,1738,4958,420783,2748,1563,3,434,210391,295,0,0,5,7,12,551,130,1169,1797,120,4,110,1715,0,0
282,7675,10757,11331,8541,8114,8000,9254,11067,8351,420783,9765,9660,9762,9184,210391,7645,10484,10666,9160,12008,9139,13628,11949,13285,12075,9221,10203,8731,8422,8077,4397
283,2223818,2805553,3107987,3416701,3913173,4007600,3545964,4217371,4482094,420783,5277469,5843148,5815170,5345606,210391,5784844,6130215,6264393,6892140,6308287,5587096,5633657,5769209,6034231,6379946,6721725,6251087,5066503,5029715,5071656,4709541
284,235153166,231760476,233721768,229247928,221408192,213572515,205525533,200234212,198790318,420783,198110513,203931981,203405572,209339095,210391,215451969,216111279,228662749,234274040,225133451,217025604,212866095,218718273,214235390,203478494,216138870,213883440,191931505,194785980,182076664,149454257
285,250400166,263650104,273064966,282411042,296218609,295893375,273200663,283808285,285647638,420783,294422525,317004313,315423678,302938338,210391,309807658,311265512,335775209,356908927,352030841,318219364,320545982,331858687,329770641,337093276,351147171,351602412,290299350,310078474,305781713,297776159
286,944263,1057887,1005918,1036627,1156322,1086493,945497,1026082,1060379,420783,950028,804488,892719,804429,210391,839016,872741,1027804,977291,931237,971525,977917,1023729,1104447,1056691,996167,888825,844008,911824,812495,623206
287,92,22,282,118,61,36,253,47,76,420783,41,95,57,14,210391,68,135,42,42,21,22,3,109,206,467,548,344,581,231,295,234
288,0,0,0,0,239,2303,882,0,220,0,280,95,3,979,210391,793,482,589,73,70,153,548,443,548,570,1104,273,1737,105,51,266
289,15783695,16212567,16734965,16705585,17420586,17060895,16512564,17295436,17637069,420783,15975154,15893914,15654257,15038824,210391,15283765,15350586,14663046,15146118,14901497,14316483,14312753,14624816,14475025,14619347,14656664,14965393,14196088,14741752,14963698,14429758
290,0,0,0,0,0,0,0,0,0,0,0,0,0,0,0,0,0,0,0,0,0,0,0,0,0,0,0,0,0,0,0
291,0,0,0,0,0,0,0,0,0,0,14,221,0,241,210391,49,0,0,0,0,0,0,0,0,0,0,0,0,0,0,0
292,0,1032,0,0,0,0,0,0,484,420783,0,0,0,0,0,311,0,0,0,0,0,560,2451,0,873,0,0,0,0,0,14
293,6345,10962,4693,8732,7554,10977,8047,9296,9797,420783,8036,7918,13272,9376,210391,12454,10191,11468,6424,10926,7183,8566,12000,12614,14061,12793,14569,8529,9809,15338,14841
294,5133,5190,4652,2550,3842,491,3809,3159,6000,420783,6424,2121,3207,9354,210391,11830,14994,5388,512,630,2306,2490,7003,5948,2075,1802,512,7088,6933,7851,5244
295,0,0,0,0,0,0,0,0,0,0,0,0,0,0,0,0,0,5,0,0,764,2958,2793,2241,2271,0,0,2457,2580,197,1
296,53879,58621,52553,51485,75690,54888,55416,46003,74400,420783,78349,48751,42801,60541,210391,67034,48810,41452,32404,20425,35594,38211,39816,33614,28210,27971,16720,27276,34109,20437,21777
297,0,0,0,0,0,0,0,0,0,0,0,0,0,0,0,0,0,0,0,0,0,0,0,0,0,0,0,0,0,0,0
298,316,65,116,84,38,44,12,43,84,420783,255,71,117,656,210391,2706,5378,3641,4398,3041,3691,2022,2068,2142,788,583,370,575,1054,662,1333
299,2111,1788,4757,4061,0,5674,3663,2598,5378,420783,15406,9705,9673,5812,210391,6990,3173,6312,5068,4158,8038,5957,8735,5025,5632,6124,8339,13171,15556,12112,15861
300,0,0,0,0,0,0,0,0,0,0,0,0,0,0,0,0,0,0,0,0,0,0,0,0,0,0,0,0,0,0,0
301,26342,10941,4894,17463,25493,0,15672,26102,34822,420783,25871,14087,0,16122,210391,13282,9407,928,0,0,1232,3060,1868,1563,1165,0,180,18843,26691,19717,11188
302,80393,84796,90448,96033,79967,55661,74436,96800,98691,420783,108788,98396,80259,96896,210391,143866,140628,125334,119121,102660,81896,106792,99661,137567,112812,113469,105008,98225,125698,142417,131646
303,487776,468453,462352,476385,442323,460805,398468,494507,439772,420783,458870,489882,484057,490127,210391,455389,482276,486017,448952,496220,516144,563828,464227,186558,203979,395754,308544,368464,459083,446821,1439777
304,32094,23746,33497,33357,32835,23109,34148,28384,44648,420783,42457,44761,51349,42874,210391,40783,52192,49056,36240,47628,41748,45392,28523,7040,23409,29225,38390,40620,38740,36086,42944
305,1105,8264,4916,11918,127,580,7118,15750,29333,420783,12234,11025,1124,14160,210391,6460,6750,5037,901,1003,2092,2690,4255,4810,4068,1739,104,1416,6953,6111,5014
306,329744,328366,328718,317414,276253,286682,269192,303725,309228,420783,275186,255345,278973,304015,210391,299051,313714,300745,270350,297895,314913,310232,265741,101898,149800,272157,289136,306820,316348,308030,359766
307,33159,51932,47003,86814,103672,102166,98106,160363,174616,420783,181734,149916,165748,158412,210391,190005,197863,187170,219067,218874,247011,234053,207670,63384,178644,210396,218254,276115,288456,283347,257449
308,292,238,1576,2475,0,0,1643,4618,1666,420783,515,0,0,590,210391,5683,3255,3456,9,0,7171,5461,7610,1781,170,106,0,8668,4057,10121,5028
309,2485,637,4568,4982,0,0,392,1504,171,420783,0,0,0,1572,210391,3116,8229,12792,0,7857,10385,3569,18656,10845,7703,0,4094,3017,10548,2071,33
310,1499,3284,742,473,0,0,2076,404,1864,420783,633,64,0,1719,210391,2882,7500,2609,1408,0,2589,1961,1428,2465,336,14,0,301,2608,712,6
311,7523,8055,15620,8701,0,0,2673,8533,7598,420783,5124,0,0,989,210391,992,340,1152,0,0,55,369,1024,3807,1796,0,0,264,2211,10717,10968
312,0,0,0,0,0,0,0,0,0,0,0,0,0,0,0,0,0,0,0,0,2675,12619,13146,11700,13816,12708,0,7757,6477,5872,8510
313,0,0,0,0,0,0,0,0,0,0,0,0,0,0,0,0,0,673,0,62,3287,2109,526,1484,2586,0,0,595,3555,268,123
314,5196,5292,4159,2572,0,0,2226,5611,2905,0,4776,0,0,10271,210391,25236,13408,4185,0,0,9091,1813,4439,7372,6373,0,0,2794,21,615,5426
315,27057,26694,28063,25315,25408,24805,26925,29097,25544,420783,23421,33682,16641,23818,210391,7172,9037,3950,3833,302,1736,3506,9171,11604,3040,754,0,2752,4881,331,811
316,10523,20467,26405,6904,1269,253,3623,475,1694,420783,900,31,0,17034,210391,17350,9710,1639,2,0,394,76,64,1561,7408,11310,2,1906,45,216,4685
317,0,0,12,0,9,0,0,7,0,0,0,0,0,0,0,16,43,0,0,0,0,0,4,0,0,0,0,0,141,218,299
318,2670,5381,1861,4449,542,819,418,30,37,420783,29,0,156,0,210391,0,16,16,0,0,151,1,0,12,1013,0,0,166,1518,271,696
319,393,0,43,0,1225,200,539,1624,1066,420783,3873,2951,6039,2057,210391,47,50,1728,1926,2879,887,1912,1269,3511,4263,1666,5303,3394,1882,2743,4156
320,0,0,0,0,0,0,0,0,0,0,0,0,0,0,0,0,0,0,0,0,0,0,0,0,0,0,0,0,0,0,0
321,1312,541,947,1240,2194,1603,2098,2118,1810,420783,1261,1598,970,1923,210391,970,1293,1483,765,1158,1691,1765,1674,1640,12220,8555,6111,5042,7422,6872,5469
322,9538,7001,6454,1942,0,0,0,0,0,0,813,0,0,2333,210391,9057,3302,4609,366,41,1403,4126,7908,6965,2214,0,0,15348,11196,10342,6705
323,1029,5905,3549,1836,0,0,4178,9493,3201,420783,2047,1558,0,1486,210391,5793,6281,3121,6196,6399,12565,5802,4436,13496,17591,14432,6631,10259,11701,12628,19212
324,0,0,0,0,0,0,0,0,0,0,0,0,0,0,0,0,0,0,0,0,0,0,0,0,0,0,0,0,0,0,108
325,0,0,0,0,0,0,0,0,0,0,0,0,0,0,0,0,0,0,0,0,0,0,0,0,0,0,0,0,0,0,0
326,1429,8574,96298,67567,16358,4373,4422,5811,14363,420783,7213,0,332,6871,210391,11590,10755,11379,0,7172,15671,14106,15339,13293,12339,0,8990,22962,14047,19702,19370
327,5784,5165,986,19,0,0,2888,883,3005,420783,4799,0,6,414,210391,6360,2515,3698,57,11009,7202,1777,1786,903,2092,6,345,1479,7,6034,2065
328,578,2466,10292,17440,7208,7284,7701,8367,7673,420783,11961,4339,0,3152,210391,4761,10280,5820,1214,282,1601,14082,21803,25562,18026,17977,4552,8150,11687,7182,5974
329,18614,24681,18412,19760,30062,35379,32396,53325,54571,420783,53802,64212,45183,55902,210391,53598,47840,58878,62684,59164,55405,67595,49695,14522,31881,56385,37338,45159,55409,56103,50350
330,450,1524,2754,2052,0,150,2539,0,879,420783,450,0,0,713,210391,2816,3060,9799,6680,2287,6257,8317,3943,2536,0,680,1305,2124,1285,1306,1531
331,7850,8641,19846,25999,26754,21600,3791,10813,16181,420783,17733,0,0,11524,210391,13471,3733,3963,5188,596,9825,16559,23806,15662,19625,1394,10,5692,17865,17330,24313
332,0,218,0,0,0,0,0,0,0,0,0,0,0,0,0,0,0,0,0,0,0,0,0,0,0,0,0,0,0,0,0
333,0,0,0,0,291,373,110,257,1254,420783,797,317,74,229,0,0,39,0,0,73,0,0,0,0,0,0,0,0,0,0,0
334,346668,424494,395447,421313,408919,394758,488114,539294,599614,420783,640850,632224,574403,645217,210391,707540,691683,691951,697528,696193,688884,687609,724244,691133,675064,686546,658375,611543,557175,570815,460182
335,11702,11344,3850,6184,0,10,0,14,9,0,120,0,0,0,210391,5,11,29010,95967,87037,96270,111779,107534,85152,65682,109413,328684,497912,795268,2428498,4389740
336,197,864,757,5854,2918,12880,204883,163154,122545,420783,8475,8575,9214,6233,210391,3692,3408,5244,3005,7441,4316,2221,3014,6061,3086,1708,228,2081,1590,436,1410
337,13665,12650,12059,12148,2523,2112,4880,3864,5483,420783,2794,5316,391,2932,210391,480,444,1042,3319,2055,11,3,5,2,7,2,1,2,10,1,1
338,1565,4614,89,1215,125,0,2171,2713,1332,420783,710,0,0,435,210391,631,1,556,0,0,160,1344,738,4439,1881,899,1132,2591,1911,5557,5334
339,7879,4878,6191,7786,1,2598,21125,9231,13796,420783,17380,307,1347,16217,210391,7752,12691,10821,9811,5874,10672,10148,20337,17703,11914,0,0,15504,9502,20137,15323
340,1385,0,0,0,0,0,0,657,117,420783,6371,0,0,0,210391,0,0,7621,11917,14400,8653,7200,7200,1761,0,0,0,0,0,1,118
341,0,0,0,0,0,0,17,0,84,420783,0,9,0,316,210391,50,121,0,0,0,0,0,0,0,0,0,0,0,0,0,0
342,1408,1164,2106,4936,1089,546,3833,6604,11766,420783,2431691,3549473,3809179,4082552,210391,4689086,5951489,7164955,8345610,8976529,9233374,9853666,10259578,10550511,10438470,10629884,10950522,10213925,11027538,11501079,11428400
343,27,14,85,6,0,0,15,0,0,0,14,244,102,99,210391,2188,1423,3401,1004,2697,11212,2529,2460,92,2439,913,1639,6329,3645,5623,2415
344,993,1463,1620,574,0,0,11,1767,156,0,20,0,0,532,210391,93,59,0,0,0,2396,1487,378,201,1,0,0,1784,1700,4091,7919
345,10892,6934,7258,0,0,239,1350,2948,4164,420783,1686,0,15,198,210391,9610,10053,9433,8769,12363,7675,593,0,59,190,0,0,162,6119,48,613
346,2012,1273,1322,1767,0,0,2492,622,464,420783,609,0,0,26,210391,2237,235,330,0,0,303,400,1033,3813,2619,0,0,783,1612,2023,1453
347,58,1,549,2286,582,0,1,35,914,420783,14256,11445,922,7429,210391,4517,2735,940,4995,2826,8170,9593,8175,4491,5541,7107,5398,9117,11493,17631,15685
348,0,868,1176,0,0,0,0,0,0,0,804,1,0,2818,210391,3083,1962,933,3,0,3312,5609,10562,15317,14987,0,0,14481,15917,23518,20145
349,2377,1752,2571,1050,0,0,5,549,0,0,0,0,0,1,0,251,1245,0,0,5,81,0,17,0,0,0,27,0,4946,3717,5896
350,126,951,41,250,0,0,1,184,186,0,0,0,0,0,0,0,0,0,0,0,37,0,0,0,0,0,0,1,19,0,4253
351,561,623,69,820,0,0,59,261,488,420783,208,0,35,456,210391,718,244,47,0,0,54,0,874,226,1170,0,0,116,1421,2768,4150
352,16,10,0,0,0,0,98,10,0,420783,1,0,0,23,210391,4,136,88,12843,2467,0,0,41,1383,2484,8151,968,269,2637,0,516
353,0,8,0,0,0,0,0,0,0,0,0,0,0,0,0,0,0,0,0,0,0,0,0,0,691,0,0,22,0,0,0
354,302,113,29,0,0,0,16,20,49,0,103,0,0,25,0,19,0,0,0,0,0,0,0,0,0,0,0,0,0,0,42
355,3629,8280,21183,9615,9419,1266,28627,18657,24702,420783,15314,2713,15,46857,210391,351921,496113,818541,899938,1238175,1394869,1530942,1650226,1597929,1648810,1749324,1730889,1856346,1768098,1823774,1654660
356,123,0,0,0,0,0,0,159,0,0,0,0,0,4,0,0,0,0,0,0,576,470,772,271,33,0,0,825,0,0,2576
357,0,0,0,0,0,0,0,0,0,0,0,0,0,0,0,0,0,0,0,0,0,0,0,0,0,0,0,0,0,0,0
358,2,194,0,1191,319,156,1005,888,3200,420783,3422,2273,8315,7118,210391,5801,1130,0,22,294,1029,415,1,1831,2263,57,368,2133,2576,5836,3619
359,552,8233,11693,14473,19847,27112,27823,20171,24308,420783,25686,27816,31533,33615,210391,27890,33743,45430,60144,67031,52408,66779,52893,24580,41897,66418,70567,39255,44071,41602,33599
360,1804,546,913,3821,1004,0,1105,1041,2994,420783,163,0,0,0,210391,119,301,29,0,1,0,0,0,0,0,0,0,45,515,53,54